law_firm_name,rationale
Fish & Richardson,The largest IP boutique in the US; massive dockets in both software and life sciences.
Finnegan,Elite global IP boutique; huge bio and electrical/computer groups perfect for crossover tech.
Knobbe Martens,Powerhouse IP boutique; incredibly strong in medical devices imaging and biotech.
Sterne Kessler,Top-tier DC IP boutique; highly regarded for bioinformatics and complex bio/pharma.
Wolf Greenfield,Elite Boston boutique; deeply connected to Harvard/MIT tech and recruits heavily from there.
Clark & Elbing,Premier Boston IP boutique focusing exclusively on life sciences and interdisciplinary biology.
Morrison & Foerster,Major BigLaw with elite life sciences and computational biology prosecution practices.
Wilson Sonsini,The premier firm for biotech startups; heavily involved in AI-driven drug discovery.
Fenwick & West,The ultimate tech-meets-bio firm; perfect for ML structural biology and digital health.
Cooley,Top tier for life sciences venture startups and university tech transfer; massive IP pipeline.
Foley Hoag,Elite Boston/NY firm; massive life sciences and university tech transfer prosecution docket.
WilmerHale,East Coast elite; deeply connected to university tech transfer and high-value biotech IP.
Goodwin Procter,Powerhouse in East Coast life sciences; represents top-tier biotech innovators.
Choate Hall & Stewart,Elite Boston firm with deep ties to the Harvard/Broad Institute biotech ecosystem.
Latham & Watkins,Global BigLaw with a premier NY/East Coast life sciences patent prosecution group.
Jones Day,Massive global BigLaw with a highly active life sciences IP prosecution desk in NY.
Mintz Levin,Powerhouse in East Coast life sciences and tech IP.
DLA Piper,One of the largest global firms; massive tech and bio IP prosecution volume.
Morgan Lewis,Global powerhouse with a massive life sciences and FDA regulatory IP practice.
Amster Rothstein & Ebenstein,Classic New York IP boutique handling diverse tech and bio dockets.
Pearl Cohen,Unique NY IP boutique; massive pipeline of Israeli med-tech (great for IVF/imaging).
Leason Ellis,Highly regarded NY-area IP boutique with a strong bio and med-device practice.
Hoffmann & Baron,Highly relevant NY/regional boutique handling heavy life sci and med-device prosecution.
Carter DeLuca,Excellent NY regional boutique; very strong in medical devices and mechanical IP.
Haug Partners,Premier NY life sciences boutique specializing in bio-IP and Hatch-Waxman.
Cantor Colburn,One of the highest-volume IP boutiques in the US; excellent cross-disciplinary dockets.
Schwegman Lundberg,Premier high-volume IP prosecution boutique; huge med-tech and software volume.
Marshall Gerstein,Top-tier IP boutique famously strong in interdisciplinary biotech/software.
McDonnell Boehnen,Elite IP boutique highly regarded for molecular biology and software/computational patents.
Venable,Robust national IP prosecution practice with a very strong East Coast/DC footprint.